Model,Training Time
CNN,5732.863842248917
VGG16,4000.135810613632
VGG19,4747.964638471603
