Model,Training Time
CNN,5981.977195262909
VGG16,3791.7518079280853
VGG19,4500.42526268959
