{
    "CNN": {
        "train_loss": 0.017940353602170944,
        "val_loss": 0.12688647210597992,
        "test_loss": 0.1253877580165863,
        "train_acc": 0.9943181872367859,
        "val_acc": 0.9654545187950134,
        "test_acc": 0.9599999785423279
    },
    "VGG16": {
        "train_loss": 0.002512195147573948,
        "val_loss": 0.11952737718820572,
        "test_loss": 0.13554556667804718,
        "train_acc": 0.9992045164108276,
        "val_acc": 0.9727272987365723,
        "test_acc": 0.9645454287528992
    },
    "VGG19": {
        "train_loss": 0.007238935679197311,
        "val_loss": 0.15313629806041718,
        "test_loss": 0.20594877004623413,
        "train_acc": 0.9985226988792419,
        "val_acc": 0.9536363482475281,
        "test_acc": 0.9399999976158142
    }
}