{
    "loss": [
        1.4944413900375366,
        0.6997732520103455,
        0.46256521344184875,
        0.3640882968902588,
        0.2833802402019501,
        0.23710088431835175,
        0.20520447194576263,
        0.16987992823123932,
        0.14818313717842102,
        0.13463753461837769,
        0.12491441518068314,
        0.099113829433918,
        0.09638982266187668,
        0.08197719603776932,
        0.06724155694246292,
        0.06622175127267838,
        0.05783786252140999,
        0.06007876247167587,
        0.04455243796110153,
        0.048699405044317245,
        0.04153730347752571,
        0.03831088915467262,
        0.03165285661816597,
        0.025133701041340828,
        0.03065144643187523,
        0.02650194987654686,
        0.020501958206295967,
        0.024656787514686584,
        0.025478921830654144,
        0.018891144543886185,
        0.020332803949713707,
        0.020284228026866913,
        0.016545632854104042,
        0.01570398360490799,
        0.014282518066465855,
        0.01458319928497076,
        0.012381919659674168,
        0.013972614891827106,
        0.01552724651992321,
        0.012163166888058186,
        0.00877860002219677,
        0.0102610532194376,
        0.012405109591782093,
        0.008471625857055187,
        0.007219966966658831,
        0.012801339849829674,
        0.009506545029580593,
        0.007587284781038761,
        0.009579429402947426,
        0.006556459702551365
    ],
    "accuracy": [
        0.4917045533657074,
        0.7764772772789001,
        0.8495454788208008,
        0.8812500238418579,
        0.90625,
        0.923409104347229,
        0.9336363673210144,
        0.9446591138839722,
        0.9502272605895996,
        0.9580681920051575,
        0.9580681920051575,
        0.9660227298736572,
        0.9672726988792419,
        0.9732954502105713,
        0.9771590828895569,
        0.9782954454421997,
        0.9810227155685425,
        0.9802272915840149,
        0.9876136183738708,
        0.9835227131843567,
        0.9863636493682861,
        0.9870454668998718,
        0.9903408885002136,
        0.991704523563385,
        0.9909090995788574,
        0.9910227060317993,
        0.993295431137085,
        0.9925000071525574,
        0.9922727346420288,
        0.9950000047683716,
        0.9938636422157288,
        0.9943181872367859,
        0.995340883731842,
        0.9954545497894287,
        0.9955681562423706,
        0.994772732257843,
        0.996931791305542,
        0.9957954287528992,
        0.9942045211791992,
        0.9964772462844849,
        0.9973863363265991,
        0.9965909123420715,
        0.9965909123420715,
        0.9977272748947144,
        0.9982954263687134,
        0.9955681562423706,
        0.9970454573631287,
        0.9979545474052429,
        0.9968181848526001,
        0.9982954263687134
    ],
    "val_loss": [
        0.7317706942558289,
        0.5115256309509277,
        0.3119789659976959,
        0.23907756805419922,
        0.2198462188243866,
        0.23218925297260284,
        0.1693567931652069,
        0.19874919950962067,
        0.14844925701618195,
        0.13410848379135132,
        0.1355082243680954,
        0.13781435787677765,
        0.11513590812683105,
        0.14642800390720367,
        0.09593822062015533,
        0.1301596611738205,
        0.10299386084079742,
        0.08317320048809052,
        0.11948919296264648,
        0.10820171982049942,
        0.14865665137767792,
        0.09003503620624542,
        0.13217763602733612,
        0.08205089718103409,
        0.0973476842045784,
        0.09658303111791611,
        0.10091153532266617,
        0.1433989703655243,
        0.0947677344083786,
        0.10827285796403885,
        0.10916483402252197,
        0.07742640376091003,
        0.09204015880823135,
        0.09393016248941422,
        0.08670517802238464,
        0.0748009905219078,
        0.09506752341985703,
        0.09035549312829971,
        0.10440205782651901,
        0.09267249703407288,
        0.08078642189502716,
        0.08769400417804718,
        0.09578324109315872,
        0.09673947095870972,
        0.09264422208070755,
        0.09426405280828476,
        0.10151506960391998,
        0.1166304275393486,
        0.08598847687244415,
        0.10234244912862778
    ],
    "val_accuracy": [
        0.7709090709686279,
        0.8345454335212708,
        0.9054545164108276,
        0.9281818270683289,
        0.9372727274894714,
        0.9281818270683289,
        0.9390909075737,
        0.9354545474052429,
        0.9490908980369568,
        0.9572727084159851,
        0.9572727084159851,
        0.9545454382896423,
        0.9645454287528992,
        0.9490908980369568,
        0.9709091186523438,
        0.9609090685844421,
        0.9645454287528992,
        0.9727272987365723,
        0.9599999785423279,
        0.9654545187950134,
        0.9554545283317566,
        0.9690909385681152,
        0.9599999785423279,
        0.971818208694458,
        0.9709091186523438,
        0.9745454788208008,
        0.971818208694458,
        0.9618181586265564,
        0.9745454788208008,
        0.9745454788208008,
        0.9690909385681152,
        0.9763636589050293,
        0.9672726988792419,
        0.9763636589050293,
        0.9781818389892578,
        0.9790909290313721,
        0.9727272987365723,
        0.975454568862915,
        0.9690909385681152,
        0.9745454788208008,
        0.9763636589050293,
        0.975454568862915,
        0.9727272987365723,
        0.9745454788208008,
        0.9800000190734863,
        0.9745454788208008,
        0.9654545187950134,
        0.9709091186523438,
        0.9800000190734863,
        0.9772727489471436
    ]
}