{
    "loss": [
        1.439353108406067,
        0.7419762015342712,
        0.5465742945671082,
        0.4262264668941498,
        0.36171236634254456,
        0.3096570074558258,
        0.2635657787322998,
        0.22669155895709991,
        0.21326597034931183,
        0.17881600558757782,
        0.16196928918361664,
        0.1410471498966217,
        0.1277032494544983,
        0.11908897757530212,
        0.09651590138673782,
        0.10262048989534378,
        0.0883149653673172,
        0.07839137315750122,
        0.07323605567216873,
        0.06640961766242981,
        0.05905202031135559,
        0.0540279857814312,
        0.04462219402194023,
        0.045366935431957245,
        0.04393098130822182,
        0.04402630031108856,
        0.043059878051280975,
        0.03261449187994003,
        0.035076919943094254,
        0.02794533222913742,
        0.032204482704401016,
        0.025790758430957794,
        0.030428137630224228,
        0.024326084181666374,
        0.027719814330339432,
        0.024532500654459,
        0.018832534551620483,
        0.020998729392886162,
        0.02145538106560707,
        0.020971838384866714,
        0.016972478479146957,
        0.015275289304554462,
        0.016465969383716583,
        0.015948858112096786,
        0.013042938895523548,
        0.014005006290972233,
        0.015291212126612663,
        0.014077647589147091,
        0.011007964611053467,
        0.01387559063732624
    ],
    "accuracy": [
        0.5070454478263855,
        0.7568181753158569,
        0.8139773011207581,
        0.8522727489471436,
        0.8744317889213562,
        0.8962500095367432,
        0.9101136326789856,
        0.9229545593261719,
        0.929204523563385,
        0.9397727251052856,
        0.9468181729316711,
        0.9521591067314148,
        0.9560227394104004,
        0.959886372089386,
        0.9667045474052429,
        0.9627272486686707,
        0.9700000286102295,
        0.9732954502105713,
        0.9752272963523865,
        0.9769318103790283,
        0.9797727465629578,
        0.9834091067314148,
        0.984318196773529,
        0.9850000143051147,
        0.9840909242630005,
        0.9851136207580566,
        0.9852272868156433,
        0.9898863434791565,
        0.9886363744735718,
        0.9902272820472717,
        0.9898863434791565,
        0.9925000071525574,
        0.989545464515686,
        0.991704523563385,
        0.9913636445999146,
        0.9919317960739136,
        0.9943181872367859,
        0.9938636422157288,
        0.9927272796630859,
        0.9929545521736145,
        0.994772732257843,
        0.994772732257843,
        0.9950000047683716,
        0.9954545497894287,
        0.9959090948104858,
        0.9954545497894287,
        0.9955681562423706,
        0.995340883731842,
        0.9967045187950134,
        0.9960227012634277
    ],
    "val_loss": [
        0.7671834826469421,
        0.5444311499595642,
        0.42570552229881287,
        0.35342592000961304,
        0.3605889081954956,
        0.28533411026000977,
        0.26766273379325867,
        0.23593947291374207,
        0.24260461330413818,
        0.20521917939186096,
        0.23953697085380554,
        0.21273235976696014,
        0.1649657040834427,
        0.1955460160970688,
        0.17812354862689972,
        0.2060844749212265,
        0.1796516478061676,
        0.1463559865951538,
        0.16438709199428558,
        0.13207785785198212,
        0.15491873025894165,
        0.14017236232757568,
        0.11171787232160568,
        0.14175891876220703,
        0.14084650576114655,
        0.16646172106266022,
        0.15433859825134277,
        0.13904207944869995,
        0.16516543924808502,
        0.1401180773973465,
        0.1529783010482788,
        0.12668029963970184,
        0.14998574554920197,
        0.145110085606575,
        0.1494065374135971,
        0.16519340872764587,
        0.13757869601249695,
        0.1732606291770935,
        0.17510269582271576,
        0.15502768754959106,
        0.167073592543602,
        0.13431867957115173,
        0.13778916001319885,
        0.12914419174194336,
        0.1523723006248474,
        0.15550200641155243,
        0.16164986789226532,
        0.1310907006263733,
        0.15677952766418457,
        0.15726114809513092
    ],
    "val_accuracy": [
        0.7209091186523438,
        0.8245454430580139,
        0.8590909242630005,
        0.8781818151473999,
        0.8727272748947144,
        0.910909116268158,
        0.9036363363265991,
        0.9245454668998718,
        0.921818196773529,
        0.9345454573631287,
        0.9236363768577576,
        0.9209091067314148,
        0.9490908980369568,
        0.9409090876579285,
        0.9399999976158142,
        0.9309090971946716,
        0.9336363673210144,
        0.9445454478263855,
        0.9445454478263855,
        0.9554545283317566,
        0.9490908980369568,
        0.9509090781211853,
        0.9599999785423279,
        0.9527272582054138,
        0.9527272582054138,
        0.9490908980369568,
        0.9490908980369568,
        0.9536363482475281,
        0.9572727084159851,
        0.9618181586265564,
        0.9545454382896423,
        0.9618181586265564,
        0.9554545283317566,
        0.9581817984580994,
        0.9572727084159851,
        0.9490908980369568,
        0.9609090685844421,
        0.9527272582054138,
        0.9545454382896423,
        0.9563636183738708,
        0.9554545283317566,
        0.9609090685844421,
        0.9636363387107849,
        0.9618181586265564,
        0.9572727084159851,
        0.9590908885002136,
        0.9509090781211853,
        0.9545454382896423,
        0.9627272486686707,
        0.9554545283317566
    ]
}