{
    "loss": [
        1.6152657270431519,
        0.73115074634552,
        0.5159919857978821,
        0.391162633895874,
        0.3060535788536072,
        0.26651254296302795,
        0.22518619894981384,
        0.19182823598384857,
        0.15790292620658875,
        0.14971114695072174,
        0.12819673120975494,
        0.11243609338998795,
        0.10370758920907974,
        0.09196942299604416,
        0.082541823387146,
        0.06790036708116531,
        0.06456315517425537,
        0.056760381907224655,
        0.04872789606451988,
        0.05558362603187561,
        0.039938975125551224,
        0.04527408257126808,
        0.0333014540374279,
        0.03712105751037598,
        0.028229501098394394,
        0.0391579233109951,
        0.028365757316350937,
        0.028586359694600105,
        0.0214645117521286,
        0.023132221773266792,
        0.021083349362015724,
        0.021121980622410774,
        0.020976269617676735,
        0.01724919117987156,
        0.01565232127904892,
        0.012766275554895401,
        0.01882249489426613,
        0.008905778639018536,
        0.01737406849861145,
        0.010161291807889938,
        0.011695612221956253,
        0.011889821849763393,
        0.013514493592083454,
        0.009235350415110588,
        0.012983964756131172,
        0.0055274334736168385,
        0.010208070278167725,
        0.00659617455676198,
        0.010666635818779469,
        0.008172755129635334
    ],
    "accuracy": [
        0.4496103823184967,
        0.7619480490684509,
        0.8329870104789734,
        0.8729870319366455,
        0.8990908861160278,
        0.9133766293525696,
        0.9285714030265808,
        0.9366233944892883,
        0.9492207765579224,
        0.9531168937683105,
        0.9568831324577332,
        0.9628571271896362,
        0.9659740328788757,
        0.9710389375686646,
        0.9714285731315613,
        0.9788311719894409,
        0.9809091091156006,
        0.9819480776786804,
        0.984415590763092,
        0.9812986850738525,
        0.9877921938896179,
        0.9846753478050232,
        0.989740252494812,
        0.9887012839317322,
        0.9916883111000061,
        0.9864935278892517,
        0.9912986755371094,
        0.9907792210578918,
        0.9937662482261658,
        0.9927272796630859,
        0.9925974011421204,
        0.9936363697052002,
        0.9936363697052002,
        0.995064914226532,
        0.9951947927474976,
        0.9955844283103943,
        0.9937662482261658,
        0.9980519413948059,
        0.9954545497894287,
        0.9972727298736572,
        0.9970129728317261,
        0.9974026083946228,
        0.9957143068313599,
        0.9980519413948059,
        0.9958441853523254,
        0.9989610314369202,
        0.9966233968734741,
        0.9984415769577026,
        0.9967532753944397,
        0.9981818199157715
    ],
    "val_loss": [
        0.8383565545082092,
        0.5157235264778137,
        0.4338681399822235,
        0.3472523093223572,
        0.30902186036109924,
        0.2558111846446991,
        0.2406165897846222,
        0.23029829561710358,
        0.20029790699481964,
        0.2159532755613327,
        0.17279063165187836,
        0.17589926719665527,
        0.20036692917346954,
        0.14413537085056305,
        0.15656240284442902,
        0.15581318736076355,
        0.14034682512283325,
        0.14746016263961792,
        0.15104462206363678,
        0.12467151880264282,
        0.156154066324234,
        0.1672365665435791,
        0.13896417617797852,
        0.11361850053071976,
        0.15547257661819458,
        0.12293173372745514,
        0.14649395644664764,
        0.1475292444229126,
        0.145805224776268,
        0.1431017369031906,
        0.17399971187114716,
        0.13424110412597656,
        0.1120559573173523,
        0.1155102327466011,
        0.13127438724040985,
        0.12663976848125458,
        0.12066283822059631,
        0.1495852917432785,
        0.1569334715604782,
        0.14784471690654755,
        0.1332731544971466,
        0.13160179555416107,
        0.1835964471101761,
        0.14824379980564117,
        0.12127580493688583,
        0.11327885836362839,
        0.13534298539161682,
        0.1316453218460083,
        0.13328634202480316,
        0.1250632107257843
    ],
    "val_accuracy": [
        0.7315151691436768,
        0.8381817936897278,
        0.8515151739120483,
        0.8836363554000854,
        0.8945454359054565,
        0.918181836605072,
        0.9193939566612244,
        0.932121217250824,
        0.9327272772789001,
        0.9327272772789001,
        0.9442424178123474,
        0.9387878775596619,
        0.9284848570823669,
        0.9581817984580994,
        0.9448484778404236,
        0.9454545378684998,
        0.9612120985984802,
        0.95333331823349,
        0.9527272582054138,
        0.9612120985984802,
        0.9575757384300232,
        0.9436363577842712,
        0.9642423987388611,
        0.9660605788230896,
        0.9545454382896423,
        0.9672726988792419,
        0.9545454382896423,
        0.9587878584861755,
        0.9599999785423279,
        0.9599999785423279,
        0.9545454382896423,
        0.9593939185142517,
        0.9666666388511658,
        0.9684848189353943,
        0.9618181586265564,
        0.9630302786827087,
        0.9696969985961914,
        0.960606038570404,
        0.9599999785423279,
        0.9612120985984802,
        0.9624242186546326,
        0.9599999785423279,
        0.95333331823349,
        0.9551514983177185,
        0.9678787589073181,
        0.9715151786804199,
        0.9660605788230896,
        0.9703030586242676,
        0.9618181586265564,
        0.9721212387084961
    ]
}