{
    "loss": [
        1.5338479280471802,
        0.7904907464981079,
        0.560400128364563,
        0.4460812211036682,
        0.3818309009075165,
        0.31166377663612366,
        0.2871129512786865,
        0.2353198528289795,
        0.2089463621377945,
        0.18020392954349518,
        0.1706436574459076,
        0.1434939205646515,
        0.13656124472618103,
        0.1098150983452797,
        0.11432936787605286,
        0.09690024703741074,
        0.09006132930517197,
        0.08439688384532928,
        0.07295334339141846,
        0.06196627393364906,
        0.06664197146892548,
        0.053569115698337555,
        0.054581496864557266,
        0.04925142973661423,
        0.044083453714847565,
        0.04600815102458,
        0.03923410177230835,
        0.03943915292620659,
        0.030293762683868408,
        0.03498333320021629,
        0.03302082046866417,
        0.028214536607265472,
        0.027820708230137825,
        0.022057870402932167,
        0.021641762927174568,
        0.023293502628803253,
        0.019630149006843567,
        0.018991803750395775,
        0.015997210517525673,
        0.021579399704933167,
        0.01783643662929535,
        0.017182711511850357,
        0.01262243464589119,
        0.012916218489408493,
        0.01584678888320923,
        0.01369478739798069,
        0.01471962034702301,
        0.01471643801778555,
        0.010174707509577274,
        0.01128633413463831
    ],
    "accuracy": [
        0.47999998927116394,
        0.7401298880577087,
        0.8132467269897461,
        0.8474025726318359,
        0.8693506717681885,
        0.8964934945106506,
        0.8988311886787415,
        0.9189610481262207,
        0.9310389757156372,
        0.9412987232208252,
        0.9419480562210083,
        0.9505195021629333,
        0.9544155597686768,
        0.9650649428367615,
        0.9610389471054077,
        0.9680519700050354,
        0.9677922129631042,
        0.9701298475265503,
        0.9766233563423157,
        0.9806493520736694,
        0.9781818389892578,
        0.9829869866371155,
        0.9822077751159668,
        0.9825974106788635,
        0.9855844378471375,
        0.9838960766792297,
        0.9866234064102173,
        0.9868831038475037,
        0.9905194640159607,
        0.9868831038475037,
        0.9900000095367432,
        0.9909090995788574,
        0.9909090995788574,
        0.993376612663269,
        0.9929870367050171,
        0.9929870367050171,
        0.9945454597473145,
        0.9938961267471313,
        0.9955844283103943,
        0.9928571581840515,
        0.9941558241844177,
        0.9945454597473145,
        0.9964935183525085,
        0.9961038827896118,
        0.9951947927474976,
        0.9958441853523254,
        0.9951947927474976,
        0.9957143068313599,
        0.9971428513526917,
        0.9967532753944397
    ],
    "val_loss": [
        0.8575372695922852,
        0.5656364560127258,
        0.4568807780742645,
        0.4693731963634491,
        0.38040125370025635,
        0.31302863359451294,
        0.31182384490966797,
        0.29607024788856506,
        0.2752107083797455,
        0.22555199265480042,
        0.24051199853420258,
        0.21827945113182068,
        0.2146790623664856,
        0.2605434060096741,
        0.1712699681520462,
        0.18109826743602753,
        0.16940751671791077,
        0.17154477536678314,
        0.20218849182128906,
        0.16710776090621948,
        0.17755189538002014,
        0.18317385017871857,
        0.1746324598789215,
        0.1521034687757492,
        0.1875390112400055,
        0.1481851488351822,
        0.154048889875412,
        0.15126296877861023,
        0.17286767065525055,
        0.17129255831241608,
        0.16121725738048553,
        0.16048142313957214,
        0.15082335472106934,
        0.15582025051116943,
        0.241448774933815,
        0.16102121770381927,
        0.13785329461097717,
        0.14899954199790955,
        0.1776449829339981,
        0.27239879965782166,
        0.14826145768165588,
        0.16044530272483826,
        0.14329618215560913,
        0.1670502871274948,
        0.14134065806865692,
        0.17213936150074005,
        0.16240106523036957,
        0.19732879102230072,
        0.17092116177082062,
        0.22497603297233582
    ],
    "val_accuracy": [
        0.7206060886383057,
        0.8139393925666809,
        0.8442424535751343,
        0.8345454335212708,
        0.8781818151473999,
        0.8884848356246948,
        0.8975757360458374,
        0.903030276298523,
        0.9048484563827515,
        0.9206060767173767,
        0.9133333563804626,
        0.9236363768577576,
        0.9224242568016052,
        0.9169697165489197,
        0.9460605978965759,
        0.9327272772789001,
        0.9406060576438904,
        0.9406060576438904,
        0.9430302977561951,
        0.9448484778404236,
        0.9387878775596619,
        0.9387878775596619,
        0.9442424178123474,
        0.9466666579246521,
        0.935757577419281,
        0.9509090781211853,
        0.95333331823349,
        0.9515151381492615,
        0.9466666579246521,
        0.9484848380088806,
        0.9490908980369568,
        0.9515151381492615,
        0.9521211981773376,
        0.9551514983177185,
        0.9333333373069763,
        0.9509090781211853,
        0.9624242186546326,
        0.956969678401947,
        0.9472727179527283,
        0.9278787970542908,
        0.9503030180931091,
        0.95333331823349,
        0.9599999785423279,
        0.9490908980369568,
        0.9581817984580994,
        0.9490908980369568,
        0.9557575583457947,
        0.9406060576438904,
        0.949696958065033,
        0.9418181777000427
    ]
}