{
    "CNN": {
        "train_loss": 0.03887414187192917,
        "val_loss": 0.20930145680904388,
        "test_loss": 0.20681151747703552,
        "train_acc": 0.9871428608894348,
        "val_acc": 0.9412121176719666,
        "test_acc": 0.9527272582054138
    },
    "VGG16": {
        "train_loss": 0.0017659743316471577,
        "val_loss": 0.11280114948749542,
        "test_loss": 0.16210363805294037,
        "train_acc": 0.9996103644371033,
        "val_acc": 0.9721212387084961,
        "test_acc": 0.9581817984580994
    },
    "VGG19": {
        "train_loss": 0.010710174217820168,
        "val_loss": 0.19636337459087372,
        "test_loss": 0.31737765669822693,
        "train_acc": 0.9968830943107605,
        "val_acc": 0.9424242377281189,
        "test_acc": 0.9254545569419861
    }
}